Country Name;Country Code;1960;1961;1962;1963;1964;1965;1966;1967;1968;1969;1970;1971;1972;1973;1974;1975;1976;1977;1978;1979;1980;1981;1982;1983;1984;1985;1986;1987;1988;1989;1990;1991;1992;1993;1994;1995;1996;1997;1998;1999;2000;2001;2002;2003;2004;2005;2006;2007;2008;2009;2010;2011
Le monde arabe;ARB;;;;;;;;;;;;;;;;;;;;;;;;;;;;;;;;;;;;;;;;;;;;;14,5309228912;;11,334219648;10,1712636653;9,6897108858;;;
Petits états des Caraïbes;CSS;;;;;;;;;;;;;;;;;;;;;;;;;;;;;;;16,6823090638;15,6671924613;16,3074967922;17,1485588499;16,1978436026;15,6742356189;15,3123779893;15,2024689912;14,3196583339;14,0769833251;14,0850433788;12,267299489;12,3924243356;11,6195895069;10,5739477608;10,1287814202;8,7098936729;8,2010042055;8,4588858704;;;
Asie de l’Est et Pacifique (tous niveaux de revenu);EAS;;;;;;;;;;;;;;;;;;;;;;;;;;;;;;;2,7807808186;2,5967395426;2,5918475502;2,8646340117;3,0022331565;3,1588744496;3,2092594476;3,3574485922;3,6883551175;3,7925290381;3,7473551258;4,3131093005;4,6736731426;4,9043779376;4,8528827358;4,9245801288;4,7480641755;4,5104770388;;4,7226937932;;
Asie de l’Est et Pacifique;EAP;;;;;;;;;;;;;;;;;;;;;;;;;;;;;;;2,7939845989;2,5488539455;2,5238076382;2,7896886645;2,938312204;3,1123120176;3,1641605188;3,3199392108;3,5282372459;3,6158222185;3,6151110605;4,2439379146;4,6270804665;4,8947929043;4,8782425978;4,9890907111;4,8281746615;4,5909520668;;4,7137954228;;
Zone euro;EMU;;;;;;;;;;;;;;;;;;;;;;;;;;;;;;;9,6196838004;8,4950117232;9,099764964;10,717309765;11,5832651538;11,2681459348;11,5198034392;11,5470531193;10,9346879411;10,214399925;9,1936637359;8,198138958;8,5884860322;8,820270736;9,1322250739;8,995389857;8,3471918458;7,4569100845;7,4785709426;9,4141499361;10,0027100175;
Europe et Asie centrale (tous niveaux de revenu);ECS;;;;;;;;;;;;;;;;;;;;;;;;;;;;;;;;;8,222244566;9,5019188874;10,202407416;9,7975608887;9,9626009688;10,4233868351;10,416511562;10,3519932968;9,4733464085;8,9803252594;8,9042930209;8,9266443973;8,9221179293;8,6772392466;8,2452065285;7,396990805;7,2801486289;9,1462306364;9,4273693855;
Europe et Asie centrale;ECA;;;;;;;;;;;;;;;;;;;;;;;;;;;;;;;;;;;;8,7063033201;9,0565837449;10,5752319899;11,4420963676;11,6984141974;10,2625840411;9,9485378961;9,2138882334;9,0687489753;8,8066011868;8,4590467981;8,4254237327;7,8403353775;7,8287899518;9,6366002869;;
Union européenne;EUU;;;;;;;;;;;;;;;;;;;;;;;;;;;;;;;;8,1742279573;9,5139716381;10,9866570034;11,3031875176;10,7444273713;10,7005066134;10,354575389;9,7781992706;9,5001280715;9,124640448;8,5317417032;8,9639172523;8,9503478451;9,1019806833;8,8684874084;8,1732156469;7,1162827163;6,916356256;8,911283838;9,5666223279;
Pays pauvres très endettés (PPTE);HPC;;;;;;;;;;;;;;;;;;;;;;;;;;;;;;;;;;;;;;;;;;;;;;;;;;;;
Revenu élevé;HIC;;;;;;;;;;;;;;;;;;;;;;;;;;;;;;;6,0464956302;6,6177077545;7,5166938803;7,9995704607;7,9135685026;7,4680348081;7,4635090794;7,1972259036;7,1052684981;6,8666570631;6,4651386208;6,4306429195;6,9954723252;7,1260852751;6,9530214928;6,6721901417;6,1471972135;5,6056052925;5,8656877668;8,0435350666;8,4511249553;
Revenu élevé : non OCDE;NOC;;;;;;;;;;;;;;;;;;;;;;;;;;;;;;;;;;;;;;;;;;;;;;;;;;;;
Revenu élevé : OCDE;OEC;;;;;;;;;;;;;;;;;;;;;;;;;;;;;;;6,0363132255;6,6032021934;7,5327409508;8,0164017599;7,939135517;7,5100350834;7,4827566613;7,2258416357;7,1086859156;6,8710532949;6,470017514;6,416753618;6,9921390426;7,1005261179;6,9384716846;6,6752846786;6,1299917755;5,6040916267;5,9001307814;8,1121299667;8,4414810727;
Amérique latine et Caraïbes (tous niveaux de revenu);LCN;;;;;;;;;;;;;;;;;;;;;;;;;;;;;;;6,5399989553;;6,7485885258;6,7450199706;;7,9935015222;8,4332239457;8,1969855571;8,6686433167;9,3751068999;;9,06236287;9,3279906978;9,3457954128;8,6540338777;8,4572793225;7,4993363014;7,2183006804;6,9271954188;8,0007702599;;
Amérique latine et Caraïbes;LAC;;;;;;;;;;;;;;;;;;;;;;;;;;;;;;;6,405636349;;6,6243229108;6,6146065215;;7,9189803003;8,3693238832;8,1352884451;8,6178969892;9,3508238839;;9,0445604585;9,3093297374;9,3256020634;8,6435149201;8,4399427995;7,4817464166;7,2018180725;6,9057403291;7,9731919531;;
Pays les moins avancés : classement de l’ONU;LDC;;;;;;;;;;;;;;;;;;;;;;;;;;;;;;;;;;;;;;;;;;;;;;;;;;;;
Revenu faible et intermédiaire;LMY;;;;;;;;;;;;;;;;;;;;;;;;;;;;;;;;;;;4,399707379;4,5720393849;4,3940082451;4,8623539838;5,1728097244;;5,312024282;;;;6,4364904265;6,0184199188;;;;;;
Faible revenu;LIC;;;;;;;;;;;;;;;;;;;;;;;;;;;;;;;;;;;;;;;;;;;;;;;;;;;;
Revenu intermédiaire, tranche inférieure;LMC;;;;;;;;;;;;;;;;;;;;;;;;;;;;;;;;;;;;3,8626897424;3,6870350985;4,3039958898;5,0027848598;;5,6073043489;;;;6,280284648;6,365878441;;;;;;
Afrique du Nord et Moyen-Orient (tous niveaux de revenu);MEA;;;;;;;;;;;;;;;;;;;;;;;;;;;;;;;;12,5736542162;;;;;;;;;;;12,9762069405;;13,1092983487;12,3178837882;11,2183854075;10,1857133689;9,7647150149;;;
Moyen-Orient et Afrique du Nord;MNA;;;;;;;;;;;;;;;;;;;;;;;;;;;;;;;;12,6756708038;;;;;;;;;;;13,9832924666;;13,4324913029;12,8559905304;11,9742782048;10,8275867439;10,6402088474;;;
Revenu intermédiaire;MIC;;;;;;;;;;;;;;;;;;;;;;;;;;;;;;;;;;;4,4286407725;4,571067695;4,4584324744;4,8710888022;5,1876407329;;5,3754283103;;6,6555174253;;6,145473224;6,1242339771;;;;;;
Amérique du Nord;NAC;;;;;;;;;;;;;;;;;;;;;;;;;;;;;;;5,8578627307;7,1605266416;7,8752853145;7,354739569;6,5304366324;5,9869578092;5,8147494823;5,314387253;4,8761601188;4,5375922174;4,2786526533;4,9505458271;5,9939979843;6,1662051174;5,6774157398;5,2768201463;4,7761500179;4,7468721929;5,8316783258;9,1935854651;9,4277853556;
Non classifié;INX;;;;;;;;;;;;;;;;;;;;;;;;;;;;;;;;;;;;;;;;;;;;;;;;;;;;
Pays membres de l'OCDE;OED;;;;;;;;;;;;;;;;;;;;;;;;;;;;;;;6,1302430935;6,4218819751;7,2508865444;7,6979068686;7,694170883;7,4421267915;7,2768779308;6,9736237718;6,8381119026;6,6220002682;6,2182191779;6,2387298392;6,8475581516;6,9471078279;6,8652292056;6,6037845536;6,0817439447;5,6372209823;5,9413683207;8,1505056975;8,3306099275;
Autres petits états;OSS;;;;;;;;;;;;;;;;;;;;;;;;;;;;;;;;;;;;;;;;;;;;;;;;;;;;
Petits états insulaires du Pacifique;PSS;;;;;;;;;;;;;;;;;;;;;;;;;;;;;;;;;;;;;;;;;;;;;;;;;;;;
Petits états;SST;;;;;;;;;;;;;;;;;;;;;;;;;;;;;;;;;;;;;;;;;;;;;;;;;;;;
Asie du Sud;SAS;;;;;;;;;;;;;;;;;;;;;;;;;;;;;;;;;;;3,9143135243;2,6116059374;2,3544166095;3,023600114;3,8889038365;;4,482456654;;;;4,750951223;4,4927039265;;;;;;
Afrique subsaharienne (tous niveaux de revenu);SSF;;;;;;;;;;;;;;;;;;;;;;;;;;;;;;;;;;;;;;;;;;;;;;;;;;;;
Afrique subsaharienne;SSA;;;;;;;;;;;;;;;;;;;;;;;;;;;;;;;;;;;;;;;;;;;;;;;;;;;;
Revenu intermédiaire, tranche supérieure;UMC;;;;;;;;;;;;;;;;;;;;;;;;;;;;;;;3,2400463334;3,2431582595;3,4982122245;3,8666561733;4,384810367;4,9309828142;4,9016097324;5,2188669105;5,3043470927;5,6150287114;5,2146195159;5,8460052802;6,2005638215;6,2702071718;6,0574748661;5,9822151262;5,6054801558;5,4571759523;;5,8567250725;;
Monde;WLD;;;;;;;;;;;;;;;;;;;;;;;;;;;;;;;;;;;5,2520035442;5,2508819736;5,0503848099;5,3641477924;5,5892511535;;5,5592718707;;;;6,538944491;6,147993503;;;;;;
Afghanistan;AFG;;;;;;;;;;;;;;;;;;;;;;;;;;;;;;;;;;;;;;;;;;;;;;8,5;;;;;;
Albanie;ALB;;;;;;;;;;;;;;;;;;;;;;;;;;;;;;;;;;;;;;;;;;22,7000007629;;;;;;13,5;13;13,8000001907;;
Algérie;DZA;;;;;;;;;;;;;;;;;;;;;;;;;;;;;;16,8999996185;19,7999992371;20,6000003815;23;23,2000007629;24,3999996185;27,8999996185;;25,3999996185;;;29,7999992371;27,2999992371;25,8999996185;23,7000007629;20,1000003815;15,3000001907;12,3000001907;13,8000001907;11,3000001907;10,1999998093;11,3999996185;
Samoa américaines;ASM;;;;;;;;;;;;;;;;;;;;;12,3999996185;10,6000003815;12,8000001907;13;13,1000003815;12,5;13,3999996185;;;;3,5;;;;;;;;;;5,0999999046;;;;;;;;;;;
Andorre;AND;;;;;;;;;;;;;;;;;;;;;;;;;;;;;;;;;;;;;;;;;;;;;;;;;;;;
Angola;AGO;;;;;;;;;;;;;;;;;;;;;;;;;;;;;;;;;;;;;;;;;;;;;;;;;;;;
Antigua-et-Barbuda;ATG;;;;;;;;;;;;;;;;;;;;;;;;;;;;;;;;6;;;;;;;;;;8,3999996185;;;;;;;;;;
Argentine;ARG;;;;;;;;;;;;;;;;;;;;;2,2999999523;4,5;4,8000001907;4,1999998093;3,7999999523;5,3000001907;4,4000000954;5,3000001907;6;7,3000001907;7,3000001907;5,8000001907;6,6999998093;10,1000003815;12,1000003815;18,7999992371;17,2000007629;14,8999996185;12,8000001907;14,1000003815;15;18,2999992371;17,8999996185;16,1000003815;12,6000003815;10,6000003815;10,1000003815;8,5;7,8000001907;8,6000003815;;
Arménie;ARM;;;;;;;;;;;;;;;;;;;;;;;;;;;;;;;;;;;;;;36,4000015259;;;;35,9000015259;;;;;;28,3999996185;28,6000003815;;;
Aruba;ABW;;;;;;;;;;;;;;;;;;;;;;;;;;;;;;;;6,0999999046;;;6,6999998093;;;7,5;;;6,9000000954;6,9000000954;;;;;;5,6999998093;;;;
Australie;AUS;;;;;;;;;;;;;;;;;;;;;6,0999999046;5,8000001907;7,1999998093;10;9;8,3000001907;8,1000003815;8,1000003815;7,1999998093;6,1999998093;6,9000000954;9,6000003815;10,8000001907;10,8999996185;9,6999998093;8,5;8,5;8,5;7,6999998093;6,9000000954;6,3000001907;6,8000001907;6,4000000954;5,9000000954;5,4000000954;5;4,8000001907;4,4000000954;4,1999998093;5,5999999046;5,1999998093;
Autriche;AUT;;;;;;;;;;;;;;;;;;;;;;;3,2999999523;4,0999999046;3,7999999523;3,5999999046;3,0999999046;3,7999999523;3,5999999046;3,0999999046;3,2000000477;3,4000000954;3,5999999046;4,3000001907;3,5;3,7000000477;4,0999999046;4,1999998093;4,1999998093;3,7000000477;3,5;3,5999999046;4;4,3000001907;4,9000000954;5,1999998093;4,6999998093;4,4000000954;3,7999999523;4,8000001907;4,4000000954;
Azerbaïdjan;AZE;;;;;;;;;;;;;;;;;;;;;;;;;;;;;;;;;;;;;;;;16,2999992371;;;;;9;8,1000003815;6,8000001907;6,5;6,0999999046;6;;
Bahamas;BHS;;;;;;;;;;;;;;;;;;;;;;;;;;;12,1999998093;;11;11,6999998093;;12,1999998093;14,6999998093;13;13,3999996185;10,8000001907;11,5;9,8000001907;7,5999999046;7,4000000954;;6,9000000954;9;10,8000001907;10,3000001907;10,1999998093;7,5999999046;7,9000000954;8,6999998093;14,1999998093;;
Bahreïn;BHR;;;;;;;;;;;;;;;;;;;;;;;;;;;;;;;;6,3000001907;;;;;;;;;;5,5;;;9;;;;;;;
Bangladesh;BGD;;;;;;;;;;;;;;;;;;;;;;;;;1,7999999523;1,7999999523;1;;;0,8999999762;;1,8999999762;;;;;2,5;;;;3,2999999523;;;4,3000001907;;4,3000001907;;;;5;;
Barbade;BRB;;;;;;;;;;;;;;;;;;;;;11,3999996185;10,8000001907;13,6999998093;15;17,1000003815;18,7000007629;17,8999996185;17,8999996185;17,6000003815;14,1000003815;15;17,1000003815;22,8999996185;25,6000003815;23;19,7000007629;14,6999998093;14,6000003815;12,3000001907;10,3999996185;9,3000001907;9,8000001907;10,3000001907;11;9,8000001907;9,1000003815;8,6999998093;7,4000000954;8,1000003815;;;
Bélarus;BLR;;;;;;;;;;;;;;;;;;;;;;;;;;;;;;;;;;;;;;;;;;;;;;;;;;;;
Belgique;BEL;;;;;;;;;;;;;;;;;;;;;;;;11,6999998093;11,8999996185;11,3000001907;11,3000001907;11,3000001907;10,1000003815;8,3000001907;7,3000001907;7;6,6999998093;8,1000003815;9,6000003815;9,3000001907;9,5;9;9,3000001907;8,6000003815;6,5999999046;6,1999998093;7,5;8,1999998093;8,3999996185;8,3999996185;8,1999998093;7,5;7;7,9000000954;8,3000001907;
Belize;BLZ;;;;;;;;;;;;;;;;;;;;;;;;;;;;;;;;3,9000000954;;9,8000001907;11,1000003815;12,5;13,8000001907;12,6999998093;14,3000001907;12,8000001907;;9,1000003815;10;;;11;9,3999996185;8,5;8,1999998093;;;
Bénin;BEN;;;;;;;;;;;;;;;;;;;;;;;;;;;0,200000003;;;;;;1,5;;;;;;;;;;0,6999999881;;;;;;;;;
Bermudes;BMU;;;;;;;;;;;;;;;;;;;;;;;;;;;;;;;;6;;;;;;;;;2,7000000477;;;;;;;;;;;
Bhoutan;BTN;;;;;;;;;;;;;;;;;;;;;;;;;;;;;;;;;;;;;;;1,3999999762;1,3999999762;;1,8999999762;;1,7999999523;2,5;3,0999999046;3,0999999046;3,7000000477;;4;;
Bolivie;BOL;;;;;;;;;;;;;;;;;;;;;5,8000001907;9,6999998093;11;14,1999998093;15,1000003815;18,6000003815;20;20,5;18;20;19;6,5999999046;5,5;6;3,0999999046;3,5999999046;5,1999998093;3,7000000477;;4,3000001907;4,8000001907;5,4000000954;5,4000000954;;4,3000001907;5,4000000954;5,3000001907;5,1999998093;;;;
Bosnie-Herzégovine;BIH;;;;;;;;;;;;;;;;;;;;;;;;;;;;;;;;17,6000003815;;;;;;;;;;;;;;;31,7999992371;29,7000007629;23,8999996185;24,1000003815;27,2000007629;
Botswana;BWA;;;;;;;;;;;;;;;;;;;;;;;;;;25,7000007629;;;;;;13,8000001907;;;21,2000007629;;21,5;;20,7999992371;;15,8000001907;18,6000003815;;23,7999992371;;;17,6000003815;;;;;
Brésil;BRA;;;;;;;;;;;;;;;;;;;;;;4,3000001907;3,9000000954;4,9000000954;4,3000001907;3,4000000954;2,4000000954;3,5999999046;3,7999999523;3;3,7000000477;;6,4000000954;6;;6;6,8000001907;7,6999998093;8,8999996185;9,6000003815;;9,3000001907;9,1000003815;9,6999998093;8,8999996185;9,3000001907;8,3999996185;8,1000003815;7,0999999046;8,3000001907;;
Brunéi Darussalam;BRN;;;;;;;;;;;;;;;;;;;;;;;;;;;;;;;;4,6999998093;;;;;;;;;;;;;;;;;;;;
Bulgarie;BGR;;;;;;;;;;;;;;;;;;;;;;;;;;;;;;;;;;21,3999996185;20;15,6999998093;13,5;13,6999998093;12,1999998093;14,1000003815;16,2000007629;19,8999996185;18,1000003815;13,6999998093;12;10,1000003815;9;6,9000000954;5,5999999046;6,8000001907;10,1999998093;
Burkina Faso;BFA;;;;;;;;;;;;;;;;;;;;;;;;;;1,2999999523;;;;;;;;;2,5999999046;;;;2,4000000954;;;;;2,7999999523;;2,7000000477;2,2999999523;3,2999999523;;;;
Burundi;BDI;;;;;;;;;;;;;;;;;;;;;;;;;;;;;;;0,5;;;;;;;;;;;;;;;;;;;;;
Cambodge;KHM;;;;;;;;;;;;;;;;;;;;;;;;;;;;;;;;;;;;;;;3;;2,5;1,7000000477;;;;;;;1,7000000477;;;
Cameroun;CMR;;;;;;;;;;;;;;;;;;;;;;;;;;;;;;;;;;;;;8,1000003815;;;;;7,5;;;;4,4000000954;;2,9000000954;;;;
Canada;CAN;;;;;;;;;;;;;;;;;;;;;7,5;7,5999999046;11;12;11,3000001907;10,6000003815;9,6999998093;8,8000001907;7,8000001907;7,5;8,1000003815;10,3000001907;11,1999998093;11,3999996185;10,3999996185;9,5;9,6000003815;9,1000003815;8,3000001907;7,5999999046;6,8000001907;7,1999998093;7,6999998093;7,5999999046;7,1999998093;6,8000001907;6,3000001907;6;6,0999999046;8,3000001907;8;
Cap-Vert;CPV;;;;;;;;;;;;;;;;;;;;;;;;;;;;;;;23;;;;;;;;;;;;;;;;;;;;;
Îles Caïmans;CYM;;;;;;;;;;;;;;;;;;;;;;;;;;;;;;;;9,6999998093;;7,1999998093;5,6999998093;4,9000000954;5,0999999046;4,0999999046;4;;;7,5;5,4000000954;3,5999999046;4,3000001907;3,5;2,5999999046;3,7999999523;4;;;
République centrafricaine;CAF;;;;;;;;;;;;;;;;;;;;;;;;;;;;;;;;;;;;;;;;;;;;;;;;;;;;
Tchad;TCD;;;;;;;;;;;;;;;;;;;;;;;;;;;;;;;;;;0,6999999881;;;;;;;;;;;;;;;;;;
Îles Anglo-Normandes;CHI;;;;;;;;;;;;;;;;;;;;;;;;;;;;;;;;;;;;;;;;;;;;;;;;;;;;
Chili;CHL;;;;;;;;;;;;;;;;;;;;;10,3999996185;11,3000001907;19,6000003815;14,6999998093;13,8999996185;12,1999998093;8,6999998093;7,9000000954;6,3000001907;5,3000001907;5,6999998093;5,3000001907;4,4000000954;4,5;5,9000000954;4,6999998093;6,3000001907;6,0999999046;6,3000001907;9,8000001907;9,1999998093;9,1000003815;8,8999996185;8,5;8,8000001907;8;7,6999998093;7,0999999046;7,8000001907;9,6999998093;8,1000003815;
Chine;CHN;;;;;;;;;;;;;;;;;;;;;4,9000000954;3,7999999523;3,2000000477;2,2999999523;1,8999999762;1,7999999523;2;2;2;2,5999999046;2,5;2,2999999523;2,2999999523;2,5999999046;2,7999999523;2,9000000954;3;3,0999999046;3,0999999046;3,0999999046;3,0999999046;3,5999999046;4;4,3000001907;4,1999998093;4,1999998093;4,0999999046;4;;4,3;;
Colombie;COL;;;;;;;;;;;;;;;;;;;;;9,1000003815;8,1000003815;9,1000003815;11,1000003815;13,1000003815;14;12,8999996185;10,8000001907;10,1000003815;8,8999996185;10,1999998093;10,1999998093;9,5;8,5;8,3999996185;8,6999998093;11,8999996185;12,1000003815;15;20,1000003815;16,2000007629;14,6000003815;14,6000003815;12;11,8999996185;11,3000001907;10,5;12;13,1999998093;12;11,6000003815;
Comores;COM;;;;;;;;;;;;;;;;;;;;;;;;;;;;;;;;20;;;;;;;;;;;;;;;;;;;;
Congo, République démocratique du;COD;;;;;;;;;;;;;;;;;;;;;;;;;;;;;;;;;;;;;;;;;;;;;;;;;;;;
Congo, République du;COG;;;;;;;;;;;;;;;;;;;;;;;;;;;;;;;;;;;;;;;;;;;;;;;;;;;;
Costa Rica;CRI;;;;;;;;;;;;;;;;;;;;;5,9000000954;8,6999998093;9,3999996185;9;5,4000000954;6,9000000954;6,3000001907;5,5999999046;5,4000000954;3,7000000477;4,6999998093;5,5999999046;4,0999999046;4,0999999046;4,1999998093;5,1999998093;6,1999998093;5,6999998093;5,5999999046;6;5,1999998093;6,0999999046;6,4000000954;6,6999998093;6,5;6,5999999046;6;4,5999999046;4,9000000954;7,8000001907;;
Côte d'Ivoire;CIV;;;;;;;;;;;;;;;;;;;;;;;;;;;;;;;;;6,6999998093;;;4,0999999046;;;4,0999999046;;;;;;;;;;;;;
Croatie;HRV;;;;;;;;;;;;;;;;;;;;;;;;;;;;;;;;11,1000003815;;;;;10;9,8999996185;11;13,5;16,1000003815;20,5;15,1000003815;13,8999996185;13,6999998093;12,6000003815;11,1000003815;9,6000003815;8,3999996185;9;11,8000001907;
Cuba;CUB;;;;;;;;;;;;;;;;;;;;;;;;;;;;;;;;;;;;8,3000001907;7,5999999046;7,0999999046;6,1999998093;6,3000001907;5,4000000954;4,0999999046;3,2999999523;2,2999999523;1,8999999762;1,8999999762;1,8999999762;1,7999999523;1,6000000238;;;
Curacao;CUW;;;;;;;;;;;;;;;;;;;;;;;;;;;;;;;;;;;;;;;;;;;;;;;;;;;;
Chypre;CYP;;;;;;;;;;;;;;;;;;;;;;;;;;;;;;;;;2,0999999046;;;;;;;5,6999998093;5;4;3,2999999523;4,0999999046;4,3000001907;5,3000001907;4,5;3,9000000954;3,5999999046;5,3000001907;6,1999998093;
République tchèque;CZE;;;;;;;;;;;;;;;;;;;;;;;;;;;;;;;;2,2999999523;;4,3000001907;4,3000001907;4;3,9000000954;4,8000001907;6,5;8,6999998093;8,8000001907;8,1000003815;7,3000001907;7,8000001907;8,3000001907;7,9000000954;7,0999999046;5,3000001907;4,4000000954;6,6999998093;7,3000001907;
Danemark;DNK;;;;;;;;;;;;;;;;;;;;;;;;9,6999998093;8,8999996185;7,8000001907;6;6,0999999046;6,5;8,1000003815;8,3000001907;9,1000003815;9;10,6999998093;8;7;6,8000001907;5,4000000954;5;5,0999999046;4,5;4,1999998093;4,5999999046;5,4000000954;5,5;4,8000001907;3,9000000954;3,7999999523;3,2999999523;6;7,4000000954;
Djibouti;DJI;;;;;;;;;;;;;;;;;;;;;;;;;;;;;;;;43,5;;;;;;;;;;;59,5;;;;;;;;;
Dominique;DMA;;;;;;;;;;;;;;;;;;;;;;;;;;;;;;11,3000001907;;9,8000001907;;;;;;23,2000007629;;15,6999998093;;11;;;;;;;;;;
République dominicaine;DOM;;;;;;;;;;;;;;;;;;;;;;;;;;;;;;;;19,8999996185;20,7000007629;19,8999996185;16,2000007629;15,8000001907;16,7000007629;15,6000003815;14,3999996185;13,8000001907;14,1999998093;15,6999998093;16,1000003815;16,7000007629;18,3999996185;18;16,3999996185;15,6000003815;14,1999998093;14,9;14,3;
Équateur;ECU;;;;;;;;;;;;;;;;;;;;;;;;;;;;7,1999998093;7;7,9000000954;6,0999999046;5,8000001907;8,8999996185;8,3000001907;7,0999999046;6,9000000954;10,3999996185;9,1999998093;;14;9;10,6999998093;9,1000003815;11,3999996185;8,6000003815;7,6999998093;7,6999998093;6,0999999046;7,3000001907;6,5;;
Égypte, République arabe d’;EGY;;;;;;;;;;;;;;;;;;;;;5,1999998093;5,4000000954;5,6999998093;6,5999999046;6;;;;;6,9000000954;8,6000003815;9,6000003815;9;10,8999996185;11;11,3000001907;9;8,3999996185;8,1999998093;8,1000003815;9;9,3999996185;10,1999998093;10,3999996185;10,6999998093;11,1999998093;10,6000003815;8,8999996185;8,6999998093;9,3999996185;;
El Salvador;SLV;;;;;;;;;;;;;;;;;;;;;13,1999998093;;;;;16,8999996185;7,9000000954;;9,3999996185;8,3999996185;10;7,5;7,9000000954;9,8999996185;7,6999998093;7,5999999046;7,6999998093;8;7,3000001907;7;7;7;6,1999998093;6,9000000954;6,8000001907;7,1999998093;6,5999999046;6,3000001907;5,9000000954;7,3000001907;;
Guinée équatoriale;GNQ;;;;;;;;;;;;;;;;;;;;;;;;24,2000007629;;;;;;;;;;;;;;;;;;;;;;;;;;;;
Érythrée;ERI;;;;;;;;;;;;;;;;;;;;;;;;;14,5;;;;;;;;;;;;;;;;;;;;;;;;;;;
Estonie;EST;;;;;;;;;;;;;;;;;;;;;;;;;;;;;;0,6000000238;0,6000000238;1,5;3,7000000477;6,5999999046;7,5999999046;9,6999998093;9,8999996185;10,3999996185;9,5;11,6000003815;13,1000003815;12,3999996185;9,3999996185;10,6999998093;10;7,9000000954;5,9000000954;4,6999998093;5,5;13,8000001907;16,8999996185;
Éthiopie;ETH;;;;;;;;;;;;;;;;;;;;;;;;;1,2000000477;;;;;;;1,2999999523;;;3,0999999046;;;;;8,1999998093;;;;;23,1000003815;5,4000000954;17;;;20,5;;
Îles Féroé;FRO;;;;;;;;;;;;;;;;;;;;;;;;;;;;;;;;;;;;;;;;;;;;;;3,2000000477;;;;;;
Fidji;FJI;;;;;;;;;;;;;;;;;;;;;;;6,4000000954;7,5;7,5;8,1000003815;7,5;9,3000001907;9,3999996185;6,0999999046;6,4000000954;5,9000000954;5,4000000954;5,9000000954;5,6999998093;5,4000000954;5,8000001907;;;;;;;;4,6;4,5999999046;;8,6000003815;;;;
Finlande;FIN;;;;;;;;;;;;;;;;;;;;;4,6999998093;4,9000000954;5,4000000954;5,5;5,1999998093;5,0999999046;5,3000001907;5,1999998093;4,5;3,2000000477;3,0999999046;6,5;11,6000003815;16,2000007629;16,3999996185;15,3000001907;14,3999996185;12,6000003815;11,3999996185;10,1000003815;9,6999998093;9,1000003815;9;9;8,8000001907;8,3999996185;7,5999999046;6,8000001907;6,3000001907;8,1999998093;8,3999996185;
France;FRA;;;;;;;;;;;;;;;;;;;;;6,4000000954;7,4000000954;8,1000003815;7,9000000954;9,5;10,3000001907;10,1999998093;10,6999998093;10,1999998093;9,6000003815;9,3999996185;9,1000003815;10,1999998093;11,3000001907;12,6000003815;11,8000001907;12,3999996185;12,6000003815;12,1000003815;12;10,1999998093;8,6000003815;8,6999998093;8,6000003815;9,1999998093;8,8999996185;8,8000001907;8;7,4000000954;9,1000003815;9,3000001907;
Polynésie française;PYF;;;;;;;;;;;;;;;;;;;;;;;;;;;;;;;;;;;;;;;;;;;11,6999998093;;;;;11,6999998093;;;;
Gabon;GAB;;;;;;;;;;;;;;;;;;;;;;;;;;;;;;;;;;17,7999992371;;;;;;;;;;;;;;;;;;
Gambie;GMB;;;;;;;;;;;;;;;;;;;;;;;;;;;;;;;;;;;;;;;;;;;;;;;;;;;;
Géorgie;GEO;;;;;;;;;;;;;;;;;;;;;;;;;;;;;;;;;;;;;;;14,5;13,8000001907;10,8000001907;11,1999998093;12,6000003815;11,5;12,6000003815;13,8000001907;13,6000003815;13,3000001907;16,5;;;
Allemagne;DEU;;;;;;;;;;;;;;;;;;;;;;;;;;;;;;;;5,5999999046;6,5999999046;7,9000000954;8,3999996185;8,1000003815;8,8999996185;9,8000001907;9,1999998093;8,3999996185;7,6999998093;7,8000001907;8,6000003815;9,3000001907;10,3000001907;11,1000003815;10,3000001907;8,6000003815;7,5;7,6999998093;7,0999999046;
Ghana;GHA;;;;;;;;;;;;;;;;;;;;;;;;;;;;;;;;;4,6999998093;;;;;;;10,1000003815;10,3999996185;;;;;;3,5999999046;;;;;
Grèce;GRC;;;;;;;;;;;;;;;;;;;;;;4;5,8000001907;7,8000001907;8,1000003815;7,8000001907;7,4000000954;7,4000000954;7,6999998093;7,5;7;7,6999998093;7,8000001907;9;8,8999996185;9,1000003815;9,6999998093;9,6000003815;10,8000001907;11,6999998093;11,1000003815;10,1999998093;10,3000001907;9,6999998093;10,5;9,8999996185;8,8999996185;8,3000001907;7,6999998093;9,5;12,5;
Groenland;GRL;;;;;;;;;;;;;;;;;;;;;;;;;;;;;;;;;;;;;12,8999996185;10,1000003815;11,6000003815;9;11;9,5;8,8000001907;10,3000001907;10,3999996185;9,3000001907;8,3999996185;;;;;
Grenade;GRD;;;;;;;;;;;;;;;;;;;;;;;;;;;;;;;;;;;26,8999996185;;16,8999996185;;15,1999998093;;;10,1999998093;;;;;;;;;;
Guam;GUM;;;;;;;;;;;;;;;;;;;;;9,8999996185;8,6999998093;9,6000003815;9,3000001907;8,3999996185;7,8000001907;6,3000001907;4,4000000954;4,3000001907;2,7999999523;2,7999999523;3,5;3,9000000954;5,5;;;;9,6999998093;7,6999998093;14;15,3000001907;13;11,3999996185;;;;;;;;;
Guatemala;GTM;;;;;;;;;;;;;;;;;;;;;;;;;;;;3,5;;2;;;;;;;;;;1,8999999762;1,3999999762;1,2999999523;3,0999999046;2,7999999523;3,0999999046;;1,7999999523;;;;;
Guinée;GIN;;;;;;;;;;;;;;;;;;;;;;;;;;;;;;;;;;;3,0999999046;;;;;;;;;;;;;;;;;
Guinée-Bissau;GNB;;;;;;;;;;;;;;;;;;;;;;;;;;;;;;;;;;;;;;;;;;;;;;;;;;;;
Guyane;GUY;;;;;;;;;;;;;;;;;;;;;;;;;;;;13,1000003815;;;;;11,6999998093;;;;;;;;;9,1000003815;11,8000001907;;;;;;;;;
Haïti;HTI;;;;;;;;;;;;;;;;;;;;;;;12,1999998093;12,1999998093;;;;;23,8999996185;;12,6999998093;;;;;;;;;7,1999998093;;;;;;;;;;;;
Honduras;HND;;;;;;;;;;;;;;;;;;;;;;;;;;;12,1000003815;;;;4,8000001907;4,6999998093;3,2000000477;;;3,2000000477;4,4000000954;3,2999999523;4;3,9000000954;;4,0999999046;3,9000000954;5,1999998093;6;4,1999998093;3,0999999046;2,9000000954;;;;
Chine, RAS de Hong Kong;HKG;;;;;;;;;;;;;;;;;;;;;3,7000000477;3,5;3,5999999046;4,4000000954;3,7999999523;3,2000000477;2,7999999523;1,7000000477;1,3999999762;1,1000000238;1,2999999523;1,7999999523;2;2;1,8999999762;3,2000000477;2,7999999523;2,2000000477;4,5999999046;6,1999998093;4,9000000954;5,0999999046;7,3000001907;7,9000000954;6,6999998093;5,5999999046;4,8000001907;4;3,5999999046;5,1999998093;;
Hongrie;HUN;;;;;;;;;;;;;;;;;;;;;;;;;;;;;;;;;9,8999996185;12,1000003815;10,8000001907;10,1999998093;9,8999996185;8,6999998093;7,8000001907;7;6,4000000954;5,6999998093;5,8000001907;5,9000000954;6,0999999046;7,1999998093;7,5;7,4000000954;7,8000001907;10;11,1999998093;
Islande;ISL;;;;;;;;;;;;;;;;;;;;;;;;;;;;;;;;2,5;4,3000001907;5,3000001907;5,3000001907;4,9000000954;3,7000000477;3,9000000954;2,7000000477;2;2,2999999523;2,2999999523;3,2999999523;3,4000000954;3,0999999046;2,5999999046;3;2,2999999523;3;7,1999998093;7,5999999046;
Inde;IND;;;;;;;;;;;;;;;;;;;;;;;;;;;;;;;;;;;3,7000000477;2,2000000477;2,0999999046;2,5999999046;3,5999999046;;4,3000001907;;;;4,403667414;4,4000000954;;;;;;
Indonésie;IDN;;;;;;;;;;;;;;;;;;;;;;;3;;;2,2000000477;2,7000000477;;2,7999999523;2,7999999523;;;2,7999999523;;;;4,4000000954;4,6999998093;5,5;6,3000001907;6,0999999046;8,1000003815;9,1000003815;9,5;9,8999996185;11,1999998093;10,3000001907;9,1000003815;8,3999996185;7,9000000954;7,1;
Iran, République islamique d’;IRN;;;;;;;;;;;;;;;;;;;;;;;;;;;14,1999998093;;;;;11,1000003815;;;;;9,1000003815;;;;;;12,8000001907;;10,3000001907;12,1000003815;;10,6000003815;10,5;;;
Iraq;IRQ;;;;;;;;;;;;;;;;;;;;;;;;;;;;;;;;;;;;;;;;;;;;28,1000003815;26,7999992371;18;17,5;;;;;
Irlande;IRL;;;;;;;;;;;;;;;;;;;;;;;;14,8000001907;16,3999996185;17,8999996185;18;18,1000003815;17,3999996185;16,1000003815;14,1000003815;15,8000001907;15;15,6000003815;14,6000003815;12;11,6999998093;10,1999998093;7,6999998093;5,8000001907;4,3000001907;3,7000000477;4,1999998093;4,5;4,5;4,3000001907;4,4000000954;4,5999999046;6;11,6999998093;13,5;
Île de Man;IMN;;;;;;;;;;;;;;;;;;;;;;;;;;;;;;;;4,0999999046;;;;;3,5;;;;;1,6000000238;;;;;2,4000000954;;;;;
Israël;ISR;;;;;;;;;;;;;;;;;;;;;4,8000001907;5,0999999046;5;4,5;5,9000000954;6,6999998093;7,0999999046;6,0999999046;6,4000000954;8,8999996185;9,6000003815;10,6000003815;11,1999998093;10;7,8000001907;6,9000000954;6,6999998093;7,6999998093;8,5;8,8999996185;8,8000001907;9,3000001907;10,3000001907;10,6999998093;10,3999996185;9;8,3999996185;7,3000001907;6,0999999046;7,5;6,5999999046;
Italie;ITA;;;;;;;;;;;;;;;;;;;;;7,5;8,3999996185;9;8,6000003815;9,3999996185;9,3999996185;10,6000003815;10,6999998093;11;11;9,8000001907;10,1000003815;9,3000001907;10,1999998093;11,1000003815;11,6999998093;11,8999996185;12;12,1000003815;11,6999998093;10,8000001907;9,6000003815;9,1999998093;8,8999996185;7,9000000954;7,6999998093;6,8000001907;6,0999999046;6,6999998093;7,8000001907;8,3999996185;
Jamaïque;JAM;;;;;;;;;;;;;;;;;;;;;27,2999992371;25;26,7000007629;26,3999996185;25,6000003815;25;23,7000007629;21;18,8999996185;16,7999992371;15,6999998093;15,6999998093;15,3999996185;16,2999992371;15,3999996185;16,2000007629;16;16,5;15,5;15,6999998093;15,5;15;14,3000001907;11,6999998093;11,3999996185;10,8999996185;9,6000003815;9,3999996185;10,6000003815;11,3999996185;;
Japon;JPN;;;;;;;;;;;;;;;;;;;;;2;2,2999999523;2,2999999523;2,7000000477;2,7000000477;2,5999999046;2,7999999523;2,9000000954;2,5;2,2999999523;2,0999999046;2,0999999046;2,2000000477;2,5;2,9000000954;3,2000000477;3,4000000954;3,4000000954;4,0999999046;4,6999998093;4,8000001907;5;5,4000000954;5,1999998093;4,6999998093;4,4000000954;4,0999999046;3,9000000954;4;5;5;
Jordanie;JOR;;;;;;;;;;;;;;;;;;;;;;;;6,5999999046;;;13,3000001907;14,8000001907;;;;;;19,7000007629;;14,6000003815;13,6999998093;;;;;15,8000001907;16,2000007629;15,3999996185;12,3999996185;;;13,1000003815;12,6999998093;12,8999996185;;
Kazakhstan;KAZ;;;;;;;;;;;;;;;;;;;;;;;;;;;;;;;;;;;7,5;11;13;13;13,1000003815;13,5;12,8000001907;10,3999996185;9,3000001907;8,8000001907;8,3999996185;8,1000003815;7,8000001907;7,3000001907;6,5999999046;6,5999999046;;
Kenya;KEN;;;;;;;;;;;;;;;;;;;;;;;;;;;;;;;;;;;;;;;;9,8000001907;;;;;;;;;;;;
Kiribati;KIR;;;;;;;;;;;;;;;;;;;;;;;;;;;;;;;;;;;;;;;;;;;;;;;;;;;;
Corée, République démocratique de;PRK;;;;;;;;;;;;;;;;;;;;;;;;;;;;;;;;;;;;;;;;;;;;;;;;;;;;
Corée, République de;KOR;;;;;;;;;;;;;;;;;;;;;5,1999998093;4,5;4,4000000954;4,0999999046;3,7999999523;4;3,7999999523;3,0999999046;2,5;2,5999999046;2,5;2,4000000954;2,5;2,9000000954;2,5;2,0999999046;2;2,5999999046;7;6,3000001907;4,4000000954;4;3,2999999523;3,5999999046;3,7000000477;3,7000000477;3,4000000954;3,2000000477;3,2000000477;3,5999999046;3,7000000477;
Kosovo;KSV;;;;;;;;;;;;;;;;;;;;;;;;;;;;;;;;;;;;;;;;;;57;55;49,7000007629;39,7000007629;41,4000015259;44,9000015259;46,2999992371;47,5;45,4;;
Koweït;KWT;;;;;;;;;;;;;;;;;;;;;;;;1,1000000238;;;;;1,8999999762;;;;;0,8000000119;0,6999999881;0,6999999881;0,6999999881;0,6999999881;0,6999999881;0,6999999881;0,8000000119;0,8000000119;1,1000000238;1,2999999523;1,7000000477;2;;;;;;
République kirghize;KGZ;;;;;;;;;;;;;;;;;;;;;;;;;;;;;;;;;;;;;;;;;7,5;7,8000001907;12,5;9,8999996185;8,5;8,1000003815;8,3000001907;8,1999998093;8,1999998093;8,4;8,6;
République démocratique populaire lao;LAO;;;;;;;;;;;;;;;;;;;;;;;;;;;;;;;;;;;;2,5999999046;;;;;;;;;;1,3999999762;;;;;;
Lettonie;LVA;;;;;;;;;;;;;;;;;;;;;;;;;;;;;;;;;;;;;20,2000007629;14,6999998093;14,5;13,8000001907;14,1999998093;13,1000003815;13,1999998093;10,6000003815;9,8999996185;8,8999996185;6,8000001907;6;7,4000000954;17,1000003815;18,7000007629;
Liban;LBN;;;;;;;;;;;;;;;;;;;;;;;;;;;;;;;;;;;;;;8,5;;;;;;;7,9000000954;;;9;;;;
Lesotho;LSO;;;;;;;;;;;;;;;;;;;;;;;;;;;10;;;;;;;;;;;39,2999992371;;27,2999992371;;;;;;;;;25,2999992371;;;
Libéria;LBR;;;;;;;;;;;;;;;;;;;;;;;;;;;;;;;;;;;;;;;;;;;;;;;;5,5999999046;;;3,7000000477;
Libye;LBY;;;;;;;;;;;;;;;;;;;;;;;;;;;;;;;;;;;;;;;;;;;;;;;;;;;;
Liechtenstein;LIE;;;;;;;;;;;;;;;;;;;;;;;;;;;;;;;;;;;;;;;;;;;;;;;;;;;;
Lituanie;LTU;;;;;;;;;;;;;;;;;;;;;;;;;;;;;;;;;;;17,3999996185;17,1000003815;15,6000003815;14,1000003815;13,6999998093;13,3999996185;15,8999996185;16,7999992371;13;12,8999996185;11,3000001907;8,3000001907;5,5999999046;4,3000001907;5,8000001907;13,6999998093;17,7999992371;
Luxembourg;LUX;;;;;;;;;;;;;;;;;;;;;;;;3,2000000477;2,7000000477;3;2,7000000477;2,4000000954;1,8999999762;1,5;1,6000000238;1,5;2;2,2999999523;3,5;2,9000000954;3,2999999523;2,5;2,7999999523;2,4000000954;2,2999999523;1,7999999523;2,5999999046;3,7000000477;5,0999999046;4,5;4,6999998093;4,0999999046;5,0999999046;5,0999999046;4,4000000954;
Région administrative spéciale de Macao, Chine;MAC;;;;;;;;;;;;;;;;;;;;;;;;;;;;;;3,7000000477;3,0999999046;3;2,2999999523;2;2,4000000954;3,5999999046;4,1999998093;3,0999999046;4,5;6,3000001907;6,6999998093;6,5;6,4000000954;6,0999999046;4,9000000954;4,1999998093;3,7000000477;3;3;3,5999999046;;
Macédoine, ex-République yougoslave de;MKD;;;;;;;;;;;;;;;;;;;;;;;;;;;;;;;;;;;;;;36;34,5;32,4000015259;32,2000007629;30,5;31,8999996185;36,7000007629;37,2000007629;37,2999992371;36;34,9000015259;33,7999992371;32,2000007629;32;
Madagascar;MDG;;;;;;;;;;;;;;;;;;;;;;;;;;;;;;;;;;;;;;;;;5,8000001907;5,3000001907;;5;;2,5999999046;;;;;;
Malawi;MWI;;;;;;;;;;;;;;;;;;;;;;;;5,4000000954;;;;;;;;;;;;;;;;;;;;;7,8000001907;;;;;;;
Malaisie;MYS;;;;;;;;;;;;;;;;;;;;;;;3,4000000954;3,7999999523;5;5,5999999046;7,4000000954;7,3000001907;7,1999998093;5,6999998093;4,5;;3,7000000477;4,0999999046;;3,0999999046;2,5;2,4000000954;3,2000000477;3,4000000954;3;3,5;3,5;3,5999999046;3,5;3,5;3,2999999523;3,2000000477;3,2999999523;3,7000000477;;
Maldives;MDV;;;;;;;;;;;;;;;;;;;;;;;;;;;;;;;;;;;;0,8000000119;;;;;2;;;;;;14,3999996185;;;;;
Mali;MLI;;;;;;;;;;;;;;;;;;;;;;;;;;;;;;;;;;;;;;3,2999999523;;;;;;;8,8000001907;;;;;;;
Malte;MLT;;;;;;;;;;;;;;;;;;;;;;;;;;;;;;;;;;;;;;;;;6,3000001907;7,0999999046;6,9000000954;7,5;7,3000001907;7,3000001907;6,9000000954;6,5;6;6,9000000954;6,9000000954;
Îles Marshall;MHL;;;;;;;;;;;;;;;;;;;;;9,6999998093;;;;;;;;12,5;;;;;;;;;;;30,8999996185;;;;;;;;;;;;
Mauritanie;MRT;;;;;;;;;;;;;;;;;;;;;;;;;;;;;25,7999992371;;;;;;;;;;;;20,6000003815;;;;33;;;;;;;
Maurice;MUS;;;;;;;;;;;;;;;;;;;;;;;;;;;;;;;;;3,2999999523;3,9000000954;4,5;;5,8000001907;6,5999999046;6,9000000954;7,6999998093;8,8000001907;6,8000001907;7,1999998093;7,6999998093;8,5;9,6000003815;9,1000003815;8,5;7,1999998093;7,3000001907;7,6999998093;
Mexique;MEX;;;;;;;;;;;;;;;;;;;;;;;;;;;;;2,5;;;3;3,0999999046;3,2000000477;4,1999998093;6,9000000954;5,1999998093;4,0999999046;3,5999999046;2,5;2,5999999046;2,5;2,9000000954;3;3,7000000477;3,5;3,2000000477;3,4000000954;3,5;5,1999998093;5,3000001907;
Micronésie, États fédérés de;FSM;;;;;;;;;;;;;;;;;;;;;;;;;;;;;;;;;;;;;;;;;;;;;;;;;;;;
Moldova;MDA;;;;;;;;;;;;;;;;;;;;;;;;;;;;;;;;;;;;;;;;11,1000003815;8,5;7,3000001907;6,8000001907;8;8,1999998093;7,3000001907;7,4000000954;5,0999999046;4;6,4000000954;;
Monaco;MCO;;;;;;;;;;;;;;;;;;;;;;;;;;;;;;;;;;;;;;;;;3,5999999046;;;;;;;;;;;
Mongolie;MNG;;;;;;;;;;;;;;;;;;;;;;;;;;;;;;;;;;;;;;;5,9000000954;;;;3,4000000954;3,5;3,5999999046;3,2999999523;;;;;;
Monténégro;MNE;;;;;;;;;;;;;;;;;;;;;;;;;;;;;;;;;;;;;;;;;;;;;;30,2999992371;;;;;;
Maroc;MAR;;;;;;;;;;;;;;;;;;;;;;;;;;;;14,6999998093;13,8999996185;16,2999992371;15,8000001907;17,2999992371;16;15,8999996185;;22,8999996185;18,1000003815;16,8999996185;19,1000003815;13,8999996185;13,6000003815;12,5;11,6000003815;11,8999996185;10,8000001907;11;9,6999998093;9,6999998093;9,6000003815;10;;
Mozambique;MOZ;;;;;;;;;;;;;;;;;;;;;;;;;;;;;;;;;;;;;;2,2000000477;;;;;;;;;;;;;;
Myanmar;MMR;;;;;;;;;;;;;;;;;;;;;;;;;;;;;;;6;;;;;;;;;;;;;;;;;;;;;
Namibie;NAM;;;;;;;;;;;;;;;;;;;;;;;;;;;;;;;;19;;;19,3999996185;;;19,5;;;20,2999992371;;;;21,8999996185;;;;37,5999984741;;;
Népal;NPL;;;;;;;;;;;;;;;;;;;;;;;;;;;;;;;;;;;;;4,5;;;1,7999999523;;8,8000001907;;;;;;;2,7000000477;;;
Pays-Bas;NLD;;;;;;;;;;;;;;;;;;;;;;7,9000000954;;11,8999996185;;10,5;;9,8999996185;9,3999996185;8,6999998093;7,6999998093;7,3000001907;5,5999999046;6,3000001907;7,1999998093;7,1999998093;6,4000000954;5,5;4,4000000954;3,5999999046;2,7000000477;2,0999999046;2,5999999046;3,5999999046;4,5999999046;4,6999998093;3,9000000954;3,2000000477;2,7999999523;3,4000000954;4,5;
Nouvelle-Calédonie;NCL;;;;;;;;;;;;;;;;;;;;;;;;;;;;;;;;;;;;;18,6000003815;;;;;;;;;;;;;;;
Nouvelle-Zélande;NZL;;;;;;;;;;;;;;;;;;;;;;;;;;;4,0999999046;4,0999999046;5,5999999046;7,0999999046;7,8000001907;10,6000003815;10,6000003815;9,8000001907;8,3999996185;6,5;6,3000001907;6,8000001907;7,6999998093;7;6,1999998093;5,4000000954;5,3000001907;4,8000001907;4;3,7999999523;3,9000000954;3,7000000477;4,1999998093;6,0999999046;6,5;
Nicaragua;NIC;;;;;;;;;;;;;;;;;;;;;;;;;;3,2000000477;4,6999998093;5,8000001907;6;8,3000001907;10,8999996185;14;14,3999996185;;;16,8999996185;14,8999996185;13,3000001907;13,1999998093;10,8999996185;9,8000001907;6,4000000954;12,1999998093;8;6,6999998093;5,5999999046;5,3000001907;5;;;;
Niger;NER;;;;;;;;;;;;;;;;;;;;;;;;;;;;;;;;;;;;5,0999999046;;;;;;1,5;;;;;;;;;;
Nigéria;NGA;;;;;;;;;;;;;;;;;;;;;;;;;;;3,9000000954;;;;;;;;;;;;;;;;;;;;;;;;;
Mariannes;MNP;;;;;;;;;;;;;;;;;;;;;;;;;9,6999998093;9,8999996185;;;;;;;;;;;;;;;3,7999999523;;;4,5999999046;;8,3000001907;;;;;;
Norvège;NOR;;;;;;;;;;;;;;;;;;;;;1,6000000238;2;2,7000000477;3,4000000954;3,2000000477;2,5999999046;1,8999999762;2,0999999046;3,0999999046;4,9000000954;5,3000001907;5,4000000954;5,9000000954;6;5,3000001907;4,9000000954;4,8000001907;3,9000000954;3,2000000477;3,2000000477;3,4000000954;3,4000000954;3,9000000954;4,4000000954;4,4000000954;4,5999999046;3,4000000954;2,5;2,5999999046;3,2000000477;3,5999999046;
Oman;OMN;;;;;;;;;;;;;;;;;;;;;;;;;;;;;;;;;;;;;;;;;;;;;;;;;;;;
Pakistan;PAK;;;;;;;;;;;;;;;;;;;;;3,7000000477;3,5;3,5;3,9000000954;3,7999999523;3,5999999046;3,5999999046;3,0999999046;2,7000000477;;2,5999999046;5,9000000954;5,1999998093;4,3000001907;4,3000001907;5;;5,8000001907;5,6999998093;;7,1999998093;;7,8000001907;;7,4000000954;;6,0999999046;5,0999999046;5;;;
Palaos;PLW;;;;;;;;;;;;;;;;;;;;;;;;;;;;;;;;;;;;;;;;;;;;;;4,1999998093;;;;;;
Panama;PAN;;;;;;;;;;;;;;;;;;;;;;;8,3999996185;9,6999998093;10,1000003815;12,3000001907;10,5;11,8000001907;16,2999992371;16,2999992371;;16,1000003815;14,6999998093;13,3000001907;14;14;14,5;13,3999996185;14;11,8000001907;13,5;14;13,5;13;11,6999998093;9,8000001907;8,6999998093;6,4000000954;5,5999999046;6,5999999046;6,5;
Papouasie-Nouvelle-Guinée;PNG;;;;;;;;;;;;;;;;;;;;;;;;;;;;;;;7,6999998093;;;;;;;;;;;;;;;;;;;;;
Paraguay;PRY;;;;;;;;;;;;;;;;;;;;;4,0999999046;;5,5999999046;8,3000001907;7,3000001907;5,0999999046;6,0999999046;5,5;4,6999998093;6,0999999046;6,4000000954;5,0999999046;5;5,0999999046;4,4000000954;3,4000000954;;5,3000001907;5,3000001907;6,5999999046;7,5999999046;7,5999999046;10,6999998093;7,9000000954;7,4000000954;5,8000001907;6,6999998093;5,5999999046;5,5999999046;;;
Pérou;PER;;;;;;;;;;;;;;;;;;;;;;;;;;;5,3000001907;4,8000001907;;;8,6000003815;5,8000001907;9,3999996185;9,8999996185;8,8999996185;7,0999999046;7;7,6999998093;7,8000001907;8;7,8000001907;8,8000001907;9,6999998093;10,3000001907;10,5;11,3999996185;8,8000001907;7,1999998093;6,4000000954;6,3000001907;;
Philippines;PHL;;;;;;;;;;;;;;;;;;;;;4,8000001907;5,4000000954;5,5;4,9000000954;7;6,0999999046;6,4000000954;9,1000003815;8,3000001907;8,3999996185;8,1000003815;9;8,6000003815;8,8999996185;8,3999996185;8,3999996185;7,4000000954;7,9000000954;9,3999996185;9,3999996185;11,1999998093;11;11,5;11,1999998093;11,8999996185;7,6999998093;8;7,4000000954;7,3000001907;7,5;7,4;
Pologne;POL;;;;;;;;;;;;;;;;;;;;;;;;;;;;;;;;;13,3000001907;14;14,3999996185;13,3000001907;12,3999996185;11,1999998093;10,6999998093;12,5;16,1000003815;18,2000007629;19,8999996185;19,6000003815;19;17,7000007629;13,8000001907;9,6000003815;7,0999999046;8,1999998093;9,6000003815;
Portugal;PRT;;;;;;;;;;;;;;;;;;;;;6,6999998093;7,0999999046;6,3000001907;7,5999999046;8,3999996185;8,6000003815;8,6000003815;7,1999998093;5,8000001907;5,0999999046;4,6999998093;4,3000001907;4,0999999046;5,5;6,9000000954;7,1999998093;7,3000001907;6,9000000954;4,9000000954;4,4000000954;3,9000000954;4;5;6,3000001907;6,6999998093;7,5999999046;7,6999998093;8;7,5999999046;9,5;10,8000001907;
Porto Rico;PRI;;;;;;;;;;;;;;;;;;;;;17,1000003815;19,8999996185;22,8999996185;23,2000007629;20,8999996185;21,5;19,5;17,7000007629;15,6000003815;14,6000003815;15,1000003815;16,7999992371;16,8999996185;17;14,6000003815;13,8999996185;13,6000003815;13,8000001907;13,5;11,8000001907;10,1000003815;11,3999996185;11,8999996185;11,8000001907;10,3000001907;11,3000001907;11;10,8999996185;11,6000003815;13,3999996185;;
Qatar;QAT;;;;;;;;;;;;;;;;;;;;;;;;;;;;;;;;;;;;;;2,4000000954;;;;3,9000000954;;;1,5;;;0,5;;;;
Roumanie;ROU;;;;;;;;;;;;;;;;;;;;;;;;;;;;;;;;;;;8,1999998093;8;6,6999998093;5,5;5,5999999046;6,1999998093;7;6,5999999046;8,1000003815;7;7,6999998093;7,1999998093;7,3000001907;6,4000000954;5,8000001907;6,9000000954;7,3000001907;
Fédération de Russie;RUS;;;;;;;;;;;;;;;;;;;;;;;;;;;;;;;;;5,1999998093;5,9000000954;8,1000003815;9,3999996185;9,6999998093;11,8000001907;13,3000001907;13;10,6000003815;9;7,9000000954;8,1999998093;7,8000001907;7,1999998093;7,1999998093;6,0999999046;6,3000001907;8,3999996185;7,5;
Rwanda;RWA;;;;;;;;;;;;;;;;;;;;;;;;;;;;;;0,8000000119;;0,3000000119;;;;;0,6000000238;;;;;;;;;;;;;;;
Samoa;WSM;;;;;;;;;;;;;;;;;;;;;;;;;;;;;;;;;;;;;;;;;;5;;;;;;;;;;
Saint-Marin;SMR;;;;;;;;;;;;;;;;;;;;;;;;;;6,5;6,4000000954;5,6999998093;5,5;4,6999998093;4,9000000954;3,7000000477;3,5999999046;4,0999999046;;2,9000000954;3,5;2,9000000954;3;;;;;;;;2,7999999523;2,5999999046;;;;
Sao Tomé-et-Principe;STP;;;;;;;;;;;;;;;;;;;;;0,6000000238;0,6999999881;0,6000000238;0,5;0,3000000119;;;;;;;;;;;;;;;;14,3999996185;;;;;;16,7000007629;;;;;
Arabie saoudite;SAU;;;;;;;;;;;;;;;;;;;;;;;;;;;;;;;;;;;;;;;;4,3000001907;4,5999999046;4,5999999046;5,1999998093;;;;6,3000001907;5,5999999046;5;5,4000000954;;
Sénégal;SEN;;;;;;;;;;;;;;;;;;;;;;;;;;;;;;;;;;;;;;;;;;;;;;;10;;;;;
Serbie;SRB;;;;;;;;;;;;;;;;;;;;;;;;;;;;;;;;;;;;;;;;;;;;;18,5;20,7999992371;20,7999992371;18,1000003815;13,6000003815;16,6000003815;19,2;
Seychelles;SYC;;;;;;;;;;;;;;;;;;;;;;13,1000003815;;;;20,6000003815;;;;;;;;;10,3999996185;;;;;;;;9,8000001907;;;5,5;;;;;;
Sierra Leone;SLE;;;;;;;;;;;;;;;;;;;;;;;;;;;;;;;;;;;;;;;;;;;;;3,4000000954;;;;;;;
Singapour;SGP;;;;;;;;;;;;;;;;;;;;;3;2,9000000954;2,5999999046;3,2000000477;2,7000000477;4,4000000954;6,8000001907;5;3,5999999046;2,4000000954;;1,8999999762;2,7000000477;2,7000000477;2,5999999046;2,7000000477;3;2;2,7000000477;4,9000000954;6;2,9000000954;4,4000000954;4,6999998093;5,8000001907;5,5999999046;4,5;3,9000000954;4;5,9000000954;;
Sint Maarten (Dutch part);SXM;;;;;;;;;;;;;;;;;;;;;;;;;;;;;;;;;;;;;;;;;;;;;;;;;;;;
République slovaque;SVK;;;;;;;;;;;;;;;;;;;;;;;;;;;;;;;;;;12,1999998093;13,6999998093;13,1000003815;11,3000001907;11,8999996185;12,6000003815;16,3999996185;18,7999992371;19,2999992371;18,6000003815;17,5;18,1000003815;16,2000007629;13,3000001907;11;9,6000003815;12,1000003815;14,3999996185;
Slovénie;SVN;;;;;;;;;;;;;;;;;;;;;;;;;;;;;;;;7,0999999046;;8,6999998093;8,1999998093;7,1999998093;7,1999998093;7,1999998093;7,5999999046;7,4000000954;7,1999998093;5,6999998093;6,3000001907;6,6999998093;6,3000001907;6,5;6;4,8000001907;4,4000000954;5,9000000954;7,1999998093;
Îles Salomon;SLB;;;;;;;;;;;;;;;;;;;;;;;;;;;;;;;;;;;;;;;;31,8999996185;;;;;;;;;;;;
Somalie;SOM;;;;;;;;;;;;;;;;;;;;;;;;;;;;;;;;;;;;;;;;;;;;;;;;;;;;
Afrique du Sud;ZAF;;;;;;;;;;;;;;;;;;;;;;;;;;;;;;;;;;;20;16,8999996185;21;22,8999996185;25;25,3999996185;26,7000007629;29,5;30,5;31,2000007629;26,2000007629;26,7000007629;25,5;23;22,8999996185;23,7999992371;;
Soudan du Sud;SSD;;;;;;;;;;;;;;;;;;;;;;;;;;;;;;;;;;;;;;;;;;;;;;;;;;;;
Espagne;ESP;;;;;;;;;;;;;;;;;;;;;11,1000003815;13,6999998093;15,5;16,8999996185;19,6000003815;21;20,6000003815;19,8999996185;18,8999996185;17;16;16,1000003815;18,1000003815;22,3999996185;23,8999996185;22,7000007629;22;20,6000003815;18,6000003815;15,6000003815;13,8999996185;10,5;11,3999996185;11,3000001907;11;9,1999998093;8,5;8,3000001907;11,3000001907;18;20,1000003815;
Sri Lanka;LKA;;;;;;;;;;;;;;;;;;;;;;;;;;14,1000003815;;;;;13,6999998093;14,6999998093;14,1999998093;13,6999998093;13;12,1999998093;11,3000001907;10,6000003815;9,1000003815;8,8999996185;7,6999998093;7,9000000954;8,8000001907;8,1999998093;8,3999996185;7,6999998093;6,5;6;5,1999998093;5,9000000954;4,9000000954;
Saint-Kitts-et-Nevis;KNA;;;;;;;;;;;;;;;;;;;;;;;;;;;;;;;;;;;;;;;;;;5,0999999046;;;;;;;;;;
Sainte-Lucie;LCA;;;;;;;;;;;;;;;;;;;;;;;;;;;;;;;;7,1999998093;;16,7999992371;19;15,8999996185;16,2999992371;20,5;21,6000003815;18,1000003815;16,5;;14,6999998093;22,2000007629;21;16,6000003815;16,6000003815;14;;;;
Saint-Martin (fr);MAF;;;;;;;;;;;;;;;;;;;;;;;;;;;;;;;;;;;;;;;;;;;;;;;;;;;;
Saint-Vincent-et-les Grenadines;VCT;;;;;;;;;;;;;;;;;;;;;;;;;;;;;;;;20,2000007629;;;;;;;;;;;;;;;;;;;;
Soudan;SDN;;;;;;;;;;;;;;;;;;;;;;;;;;;;;;;;;;;;;;;;;;;;;;;;;;;;
Suriname;SUR;;;;;;;;;;;;;;;;;;;;;;;;;;;;19,6000003815;;15,8000001907;15,6999998093;;17,2999992371;14,6999998093;12,6999998093;8,3999996185;10,8999996185;10,5;10,6000003815;13,8000001907;;;;;9,5;;;;;;;
Swaziland;SWZ;;;;;;;;;;;;;;;;;;;;;;;;;;;;;;28,6000003815;;;;;;21,7000007629;;22,5;;;;;;;;;;;;;;
Suède;SWE;;;;;;;;;;;;;;;;;;;;;2,2000000477;2,7999999523;3,5;3,9000000954;3,5;3,0999999046;2,7999999523;2,2999999523;1,8999999762;1,6000000238;1,7999999523;3,2000000477;5,6999998093;9,3000001907;9,6000003815;9,1000003815;9,8999996185;10;8,3000001907;7,0999999046;5,8000001907;5;5,1999998093;5,8000001907;6,5;7,6999998093;7;6,0999999046;6,0999999046;8,3000001907;8,3999996185;
Suisse;CHE;;;;;;;;;;;;;;;;;;;;;;;;;;;;;;;2,0999999046;1,7000000477;2,7999999523;3,7000000477;3,7999999523;3,2999999523;3,7000000477;4,0999999046;3,5999999046;3,0999999046;2,7000000477;2,5;2,9000000954;4,0999999046;4,3000001907;4,4000000954;4;3,5999999046;3,4000000954;4,0999999046;4,1999998093;
République arabe syrienne;SYR;;;;;;;;;;;;;;;;;;;;;;;;4,1999998093;4,6999998093;;;;;5,8000001907;;6,8000001907;;7,4000000954;7,5;7,1999998093;;15,1999998093;;7,5999999046;2,2999999523;11,6000003815;11,6999998093;10,3000001907;;;8,1999998093;8,3999996185;10,8999996185;8,1000003815;8,3999996185;
Tadjikistan;TJK;;;;;;;;;;;;;;;;;;;;;;;;;;;;;;;;;;;;;;;;;;;;;;;;;;;;
Tanzanie;TZA;;;;;;;;;;;;;;;;;;;;;;;;;;;;;;;;3,5999999046;;;;;;;;;;5,0999999046;;;;;4,3000001907;;;;;
Thaïlande;THA;;;;;;;;;;;;;;;;;;;;;0,8999999762;1,2999999523;2,5;2,9000000954;4,8000001907;3,7000000477;3,5;5,8000001907;3;1,3999999762;2,2000000477;2,7000000477;1,3999999762;1,5;1,2999999523;;1,1000000238;0,8999999762;3,4000000954;3;2,4000000954;2,5999999046;1,7999999523;1,5;1,5;1,2999999523;1,2000000477;1,2000000477;1,2000000477;1,2000000477;;
Timor-Leste;TLS;;;;;;;;;;;;;;;;;;;;;;;;;;;;;;;;;;;;;;;;;;;;;;;;;;;;
Togo;TGO;;;;;;;;;;;;;;;;;;;;;;;;;;;;;;;;;;;;;;;;;;;;;;;;;;;;
Tonga;TON;;;;;;;;;;;;;;;;;;;;;;;;;;;;;;;4,0999999046;;;1,2999999523;;;13,3000001907;;;;;;;5,1999998093;;;1,1000000238;;;;;
Trinité-et-Tobago;TTO;;;;;;;;;;;;;;;;;;;;;10;10,5;10;11,1000003815;13,5;15,6999998093;17,2000007629;28,1000003815;22,1000003815;22;20;18,5;19,6000003815;19,7999992371;18,3999996185;17,2000007629;16,2999992371;15;14,1999998093;13,1000003815;12,1000003815;10,8000001907;10,3999996185;10,5;8,3000001907;8;6,3000001907;5,5;4,5999999046;5,3000001907;;
Tunisie;TUN;;;;;;;;;;;;;;;;;;;;;;;;;;;;;;16,1000003815;;;;;;;;15,8999996185;;16;15,6999998093;15,1000003815;15,3000001907;14,5;13,8999996185;14,1999998093;14,3000001907;14,1000003815;14,1999998093;;;
Turquie;TUR;;;;;;;;;;;;;;;;;;;;;;;;;;11,1999998093;;;8,3999996185;8,6000003815;8;8,1999998093;8,5;9;8,6000003815;7,5999999046;6,5999999046;6,8000001907;6,9000000954;7,6999998093;6,5;8,3999996185;10,3999996185;10,5;10,8000001907;10,6000003815;10,1999998093;10,3000001907;11;14;11,8999996185;
Turkménistan;TKM;;;;;;;;;;;;;;;;;;;;;;;;;;;;;;;;;;;;;;;;;;;;;;;;;;;;
Îles Turques-et-Caïques;TCA;;;;;;;;;;;;;;;;;;;;;;;;;;;;;;;;;;;;;;;;;;9,6999998093;6,1999998093;7,8000001907;9,8999996185;8;7,4000000954;5,4000000954;;;;
Tuvalu;TUV;;;;;;;;;;;;;;;;;;;;;;;;;;;;;;;;;;;;;;;;;;;6,5;;16,3;6,5;;;;;;
Ouganda;UGA;;;;;;;;;;;;;;;;;;;;;;;;;;;;;;;;1;;;;;;;;;;;3,5;3,2000000477;;2;;;;4,1999998093;;
Ukraine;UKR;;;;;;;;;;;;;;;;;;;;;;;;;;;;;;;;;;;;5,5999999046;7,5999999046;8,8999996185;11,3000001907;11,6000003815;11,6000003815;10,8999996185;9,6000003815;9,1000003815;8,6000003815;7,1999998093;6,8000001907;6,4000000954;6,4000000954;8,8000001907;;
Émirats arabes unis;ARE;;;;;;;;;;;;;;;;;;;;;;;;;;;;;;;;;;;;1,7999999523;;;;;2,2999999523;;;;;3,0999999046;;;4;;;
Royaume-Uni;GBR;;;;;;;;;;;;;;;;;;;;;;;;;11,8000001907;11,3000001907;11,1999998093;10,8000001907;8,8000001907;7,1999998093;6,8000001907;8,3999996185;9,6999998093;10,3000001907;9,6000003815;8,6000003815;8,1000003815;7;6,0999999046;5,9000000954;5,5;4,6999998093;5,0999999046;4,8000001907;4,5999999046;4,5999999046;5,4000000954;5,1999998093;5,3000001907;7,6999998093;7,8000001907;
États-Unis;USA;;;;;;;;;;;;;;;;;;;;;7,0999999046;7,5999999046;9,6999998093;9,6000003815;7,5;7,1999998093;7;6,1999998093;5,5;5,3000001907;5,5999999046;6,8000001907;7,5;6,9000000954;6,0999999046;5,5999999046;5,4000000954;4,9000000954;4,5;4,1999998093;4;4,6999998093;5,8000001907;6;5,5;5,0999999046;4,5999999046;4,5999999046;5,8000001907;9,3000001907;9,6000003815;
Uruguay;URY;;;;;;;;;;;;;;;;;;;;;7,3000001907;6,5999999046;11,6999998093;15,3999996185;13,8999996185;13;10,6999998093;9,1000003815;8,6000003815;8;8,5;9;9;8,3000001907;9,1999998093;10,1999998093;11,8999996185;11,3999996185;10;11,3000001907;13,6000003815;15,1999998093;17;16,7999992371;13,1;12,1999998093;10,6000003815;9,1999998093;7,5999999046;7,3000001907;;
Ouzbékistan;UZB;;;;;;;;;;;;;;;;;;;;;;;;;;;;;;;;;;;;;;;;;;;;;;;;;;;;
Vanuatu;VUT;;;;;;;;;;;;;;;;;;;;;;;;;;;;;;;;;;;;;;;;;;;;;;;;;;4,5999999046;;
Venezuela;VEN;;;;;;;;;;;;;;;;;;;;;5,9000000954;7;8,1000003815;11,5;12,8999996185;13,1999998093;10,8999996185;9,1000003815;7,3000001907;9,6999998093;10,3000001907;9,5;7,6999998093;6,6999998093;8,6000003815;10,1999998093;12,3999996185;10,6000003815;11;14,5;13,1999998093;12,8000001907;16,2000007629;16,7999992371;15;11,3999996185;9,3000001907;7,5;6,9000000954;7,5999999046;;
Viet Nam;VNM;;;;;;;;;;;;;;;;;;;;;;;;;;;;;;;;;;;;;1,8999999762;2,9000000954;2,2999999523;2,2999999523;2,2999999523;2,7999999523;2,0999999046;2,2999999523;2,0999999046;;;;2,4000000954;;;
Îles Vierges (EU);VIR;;;;;;;;;;;;;;;;;;;;;;;;;;;;;;;;;;;;;;;;;;;;;;;;;;;;
Cisjordanie et Gaza;PSE;;;;;;;;;;;;;;;;;;;;;;;;;;;;;;;;;;;;;23,7999992371;20,2999992371;14,3999996185;11,8000001907;14,1000003815;24,8999996185;30,7000007629;;26,7999992371;;23,6000003815;21,6000003815;26;24,5;;
Yémen, Rép. du;YEM;;;;;;;;;;;;;;;;;;;;;;;;;;;;;;;;;;;8,3000001907;;;;;11,5;;;;;16,2000007629;16,1000003815;15,6999998093;15,3999996185;15;14,6000003815;;
Zambie;ZMB;;;;;;;;;;;;;;;;;;;;;;;;;;;13;;;;12,3999996185;18,8999996185;;19,7000007629;;;15,3000001907;;12;;12,8999996185;;;;;15,8999996185;;;;;;
Zimbabwe;ZWE;;;;;;;;;;;;;;;;;;;;;;;10,8000001907;;;;;7,1999998093;;;;;;;5;;;6,9000000954;;6;;;;;4,1999998093;;;;;;;
